{
  "properties": {
    "connectionReferences": {
      "shared_rss": {
        "runtimeSource": "embedded",
        "connection": {
          "connectionReferenceLogicalName": "vladjoh_sharedrss_32d94"
        },
        "api": {
          "name": "shared_rss"
        }
      },
      "shared_teams": {
        "runtimeSource": "embedded",
        "connection": {
          "connectionReferenceLogicalName": "vladjoh_sharedteams_b50e6"
        },
        "api": {
          "name": "shared_teams"
        }
      }
    },
    "definition": {
      "$schema": "https://schema.management.azure.com/providers/Microsoft.Logic/schemas/2016-06-01/workflowdefinition.json#",
      "contentVersion": "1.0.0.0",
      "parameters": {
        "$authentication": {
          "defaultValue": {},
          "type": "SecureObject"
        },
        "$connections": {
          "defaultValue": {},
          "type": "Object"
        },
        "teams.chat": {
          "defaultValue": "",
          "type": "String"
        }
      },
      "triggers": {
        "When_a_feed_item_is_published": {
          "recurrence": {
            "interval": 5,
            "frequency": "Minute"
          },
          "splitOn": "@triggerOutputs()?['body/value']",
          "metadata": {
            "operationMetadataId": "6b1c028d-ab55-4378-a01e-01df3d123d7e"
          },
          "type": "OpenApiConnection",
          "inputs": {
            "parameters": {
              "feedUrl": "https://techcommunity.microsoft.com/t5/s/gxcuf89792/rss/board?board.id=MicrosoftDefenderATPBlog",
              "sinceProperty": "PublishDate"
            },
            "host": {
              "apiId": "/providers/Microsoft.PowerApps/apis/shared_rss",
              "connectionName": "shared_rss",
              "operationId": "OnNewFeed"
            },
            "authentication": "@parameters('$authentication')"
          }
        }
      },
      "actions": {
        "Alert_the_team": {
          "runAfter": {},
          "metadata": {
            "operationMetadataId": "37df1b85-3495-4d4a-bc75-d69a02ee6dab"
          },
          "type": "OpenApiConnection",
          "inputs": {
            "parameters": {
              "poster": "Flow bot",
              "location": "Group chat",
              "body/recipient": "@'19:8c6caf2a01e74258921fd3c4a49ad3d2@thread.v2'",
              "body/messageBody": "<p class=\"editor-paragraph\">🔔 Microsoft Tech Community – New Defender for Endpoint Blog Post 🔔<br><br><b><strong class=\"editor-text-bold\">Title:</strong></b> @{triggerOutputs()?['body/title']}<br><b><strong class=\"editor-text-bold\">Published on: </strong></b>@{triggerOutputs()?['body/publishDate']}<br><b><strong class=\"editor-text-bold\">Summary: </strong></b> @{concat(substring(triggerOutputs()?['body/summary'], 0, 150), '...')}<br><a href=\"@{triggerOutputs()?['body/primaryLink']}\" class=\"editor-link\">Link to feed</a>&nbsp;</p><br>"
            },
            "host": {
              "apiId": "/providers/Microsoft.PowerApps/apis/shared_teams",
              "connectionName": "shared_teams",
              "operationId": "PostMessageToConversation"
            },
            "authentication": "@parameters('$authentication')"
          }
        }
      },
      "outputs": {}
    },
    "templateName": "13a54d8b96764a31a568638930a8d30a"
  },
  "schemaVersion": "1.0.0.0"
}