<ImportExportXml xmlns:xsi="http://www.w3.org/2001/XMLSchema-instance" OrganizationVersion="9.2.25065.172" OrganizationSchemaType="Standard" CRMServerServiceabilityVersion="9.2.25065.00172">
  <Entities></Entities>
  <Roles></Roles>
  <Workflows>
    <Workflow WorkflowId="{e68456ac-8269-f011-bec2-6045bd9410a1}" Name="Microsoft Tech Community Defender for Cloud Blog" Description="When a new RSS feed item appears, post a chat message on Microsoft Teams.">
      <JsonFileName>/Workflows/MicrosoftTechCommunityDefenderforCloudBlog-E68456AC-8269-F011-BEC2-6045BD9410A1.json</JsonFileName>
      <Type>1</Type>
      <Subprocess>0</Subprocess>
      <Category>5</Category>
      <Mode>0</Mode>
      <Scope>4</Scope>
      <OnDemand>0</OnDemand>
      <TriggerOnCreate>0</TriggerOnCreate>
      <TriggerOnDelete>0</TriggerOnDelete>
      <AsyncAutodelete>0</AsyncAutodelete>
      <SyncWorkflowLogOnFailure>0</SyncWorkflowLogOnFailure>
      <StateCode>1</StateCode>
      <StatusCode>2</StatusCode>
      <RunAs>1</RunAs>
      <IsTransacted>1</IsTransacted>
      <IntroducedVersion>1.0.0.0</IntroducedVersion>
      <IsCustomizable>1</IsCustomizable>
      <BusinessProcessType>0</BusinessProcessType>
      <IsCustomProcessingStepAllowedForOtherPublishers>1</IsCustomProcessingStepAllowedForOtherPublishers>
      <ModernFlowType>0</ModernFlowType>
      <PrimaryEntity>none</PrimaryEntity>
      <LocalizedNames>
        <LocalizedName languagecode="1033" description="Microsoft Tech Community Defender for Cloud Blog" />
      </LocalizedNames>
      <Descriptions>
        <Description languagecode="1033" description="When a new RSS feed item appears, post a chat message on Microsoft Teams." />
      </Descriptions>
    </Workflow>
    <Workflow WorkflowId="{e78456ac-8269-f011-bec2-6045bd9410a1}" Name="Entra Tech Community Blog Posts" Description="When a new RSS feed item appears, post a chat message on Microsoft Teams.">
      <JsonFileName>/Workflows/EntraTechCommunityBlogPosts-E78456AC-8269-F011-BEC2-6045BD9410A1.json</JsonFileName>
      <Type>1</Type>
      <Subprocess>0</Subprocess>
      <Category>5</Category>
      <Mode>0</Mode>
      <Scope>4</Scope>
      <OnDemand>0</OnDemand>
      <TriggerOnCreate>0</TriggerOnCreate>
      <TriggerOnDelete>0</TriggerOnDelete>
      <AsyncAutodelete>0</AsyncAutodelete>
      <SyncWorkflowLogOnFailure>0</SyncWorkflowLogOnFailure>
      <StateCode>1</StateCode>
      <StatusCode>2</StatusCode>
      <RunAs>1</RunAs>
      <IsTransacted>1</IsTransacted>
      <IntroducedVersion>1.0.0.0</IntroducedVersion>
      <IsCustomizable>1</IsCustomizable>
      <BusinessProcessType>0</BusinessProcessType>
      <IsCustomProcessingStepAllowedForOtherPublishers>1</IsCustomProcessingStepAllowedForOtherPublishers>
      <ModernFlowType>0</ModernFlowType>
      <PrimaryEntity>none</PrimaryEntity>
      <LocalizedNames>
        <LocalizedName languagecode="1033" description="Entra Tech Community Blog Posts" />
      </LocalizedNames>
      <Descriptions>
        <Description languagecode="1033" description="When a new RSS feed item appears, post a chat message on Microsoft Teams." />
      </Descriptions>
    </Workflow>
    <Workflow WorkflowId="{e88456ac-8269-f011-bec2-6045bd9410a1}" Name="Microsoft Tech Community Intune Blog" Description="When a new RSS feed item appears, post a chat message on Microsoft Teams.">
      <JsonFileName>/Workflows/MicrosoftTechCommunityIntuneBlog-E88456AC-8269-F011-BEC2-6045BD9410A1.json</JsonFileName>
      <Type>1</Type>
      <Subprocess>0</Subprocess>
      <Category>5</Category>
      <Mode>0</Mode>
      <Scope>4</Scope>
      <OnDemand>0</OnDemand>
      <TriggerOnCreate>0</TriggerOnCreate>
      <TriggerOnDelete>0</TriggerOnDelete>
      <AsyncAutodelete>0</AsyncAutodelete>
      <SyncWorkflowLogOnFailure>0</SyncWorkflowLogOnFailure>
      <StateCode>1</StateCode>
      <StatusCode>2</StatusCode>
      <RunAs>1</RunAs>
      <IsTransacted>1</IsTransacted>
      <IntroducedVersion>1.0.0.0</IntroducedVersion>
      <IsCustomizable>1</IsCustomizable>
      <BusinessProcessType>0</BusinessProcessType>
      <IsCustomProcessingStepAllowedForOtherPublishers>1</IsCustomProcessingStepAllowedForOtherPublishers>
      <ModernFlowType>0</ModernFlowType>
      <PrimaryEntity>none</PrimaryEntity>
      <LocalizedNames>
        <LocalizedName languagecode="1033" description="Microsoft Tech Community Intune Blog" />
      </LocalizedNames>
      <Descriptions>
        <Description languagecode="1033" description="When a new RSS feed item appears, post a chat message on Microsoft Teams." />
      </Descriptions>
    </Workflow>
    <Workflow WorkflowId="{e98456ac-8269-f011-bec2-6045bd9410a1}" Name="Microsoft Tech Community Purview Blog" Description="When a new RSS feed item appears, post a chat message on Microsoft Teams.">
      <JsonFileName>/Workflows/MicrosoftTechCommunityPurviewBlog-E98456AC-8269-F011-BEC2-6045BD9410A1.json</JsonFileName>
      <Type>1</Type>
      <Subprocess>0</Subprocess>
      <Category>5</Category>
      <Mode>0</Mode>
      <Scope>4</Scope>
      <OnDemand>0</OnDemand>
      <TriggerOnCreate>0</TriggerOnCreate>
      <TriggerOnDelete>0</TriggerOnDelete>
      <AsyncAutodelete>0</AsyncAutodelete>
      <SyncWorkflowLogOnFailure>0</SyncWorkflowLogOnFailure>
      <StateCode>1</StateCode>
      <StatusCode>2</StatusCode>
      <RunAs>1</RunAs>
      <IsTransacted>1</IsTransacted>
      <IntroducedVersion>1.0.0.0</IntroducedVersion>
      <IsCustomizable>1</IsCustomizable>
      <BusinessProcessType>0</BusinessProcessType>
      <IsCustomProcessingStepAllowedForOtherPublishers>1</IsCustomProcessingStepAllowedForOtherPublishers>
      <ModernFlowType>0</ModernFlowType>
      <PrimaryEntity>none</PrimaryEntity>
      <LocalizedNames>
        <LocalizedName languagecode="1033" description="Microsoft Tech Community Purview Blog" />
      </LocalizedNames>
      <Descriptions>
        <Description languagecode="1033" description="When a new RSS feed item appears, post a chat message on Microsoft Teams." />
      </Descriptions>
    </Workflow>
    <Workflow WorkflowId="{228556ac-8269-f011-bec2-6045bd9410a1}" Name="Microsoft Tech Community Sentinel Blog" Description="When a new RSS feed item appears, post a chat message on Microsoft Teams.">
      <JsonFileName>/Workflows/MicrosoftTechCommunitySentinelBlog-228556AC-8269-F011-BEC2-6045BD9410A1.json</JsonFileName>
      <Type>1</Type>
      <Subprocess>0</Subprocess>
      <Category>5</Category>
      <Mode>0</Mode>
      <Scope>4</Scope>
      <OnDemand>0</OnDemand>
      <TriggerOnCreate>0</TriggerOnCreate>
      <TriggerOnDelete>0</TriggerOnDelete>
      <AsyncAutodelete>0</AsyncAutodelete>
      <SyncWorkflowLogOnFailure>0</SyncWorkflowLogOnFailure>
      <StateCode>1</StateCode>
      <StatusCode>2</StatusCode>
      <RunAs>1</RunAs>
      <IsTransacted>1</IsTransacted>
      <IntroducedVersion>1.0.0.0</IntroducedVersion>
      <IsCustomizable>1</IsCustomizable>
      <BusinessProcessType>0</BusinessProcessType>
      <IsCustomProcessingStepAllowedForOtherPublishers>1</IsCustomProcessingStepAllowedForOtherPublishers>
      <ModernFlowType>0</ModernFlowType>
      <PrimaryEntity>none</PrimaryEntity>
      <LocalizedNames>
        <LocalizedName languagecode="1033" description="Microsoft Tech Community Sentinel Blog" />
      </LocalizedNames>
      <Descriptions>
        <Description languagecode="1033" description="When a new RSS feed item appears, post a chat message on Microsoft Teams." />
      </Descriptions>
    </Workflow>
    <Workflow WorkflowId="{238556ac-8269-f011-bec2-6045bd9410a1}" Name="Microsoft Security Tech Community Blog Posts" Description="When a new RSS feed item appears, post a chat message on Microsoft Teams.">
      <JsonFileName>/Workflows/MicrosoftSecurityTechCommunityBlogPosts-238556AC-8269-F011-BEC2-6045BD9410A1.json</JsonFileName>
      <Type>1</Type>
      <Subprocess>0</Subprocess>
      <Category>5</Category>
      <Mode>0</Mode>
      <Scope>4</Scope>
      <OnDemand>0</OnDemand>
      <TriggerOnCreate>0</TriggerOnCreate>
      <TriggerOnDelete>0</TriggerOnDelete>
      <AsyncAutodelete>0</AsyncAutodelete>
      <SyncWorkflowLogOnFailure>0</SyncWorkflowLogOnFailure>
      <StateCode>1</StateCode>
      <StatusCode>2</StatusCode>
      <RunAs>1</RunAs>
      <IsTransacted>1</IsTransacted>
      <IntroducedVersion>1.0.0.0</IntroducedVersion>
      <IsCustomizable>1</IsCustomizable>
      <BusinessProcessType>0</BusinessProcessType>
      <IsCustomProcessingStepAllowedForOtherPublishers>1</IsCustomProcessingStepAllowedForOtherPublishers>
      <ModernFlowType>0</ModernFlowType>
      <PrimaryEntity>none</PrimaryEntity>
      <LocalizedNames>
        <LocalizedName languagecode="1033" description="Microsoft Security Tech Community Blog Posts" />
      </LocalizedNames>
      <Descriptions>
        <Description languagecode="1033" description="When a new RSS feed item appears, post a chat message on Microsoft Teams." />
      </Descriptions>
    </Workflow>
    <Workflow WorkflowId="{1eb20ad0-8269-f011-bec2-6045bd9410a1}" Name="Microsoft Tech Community Security Baselines Blog" Description="When a new RSS feed item appears, post a chat message on Microsoft Teams.">
      <JsonFileName>/Workflows/MicrosoftTechCommunitySecurityBaselinesBlog-1EB20AD0-8269-F011-BEC2-6045BD9410A1.json</JsonFileName>
      <Type>1</Type>
      <Subprocess>0</Subprocess>
      <Category>5</Category>
      <Mode>0</Mode>
      <Scope>4</Scope>
      <OnDemand>0</OnDemand>
      <TriggerOnCreate>0</TriggerOnCreate>
      <TriggerOnDelete>0</TriggerOnDelete>
      <AsyncAutodelete>0</AsyncAutodelete>
      <SyncWorkflowLogOnFailure>0</SyncWorkflowLogOnFailure>
      <StateCode>1</StateCode>
      <StatusCode>2</StatusCode>
      <RunAs>1</RunAs>
      <IsTransacted>1</IsTransacted>
      <IntroducedVersion>1.0.0.0</IntroducedVersion>
      <IsCustomizable>1</IsCustomizable>
      <BusinessProcessType>0</BusinessProcessType>
      <IsCustomProcessingStepAllowedForOtherPublishers>1</IsCustomProcessingStepAllowedForOtherPublishers>
      <ModernFlowType>0</ModernFlowType>
      <PrimaryEntity>none</PrimaryEntity>
      <LocalizedNames>
        <LocalizedName languagecode="1033" description="Microsoft Tech Community Security Baselines Blog" />
      </LocalizedNames>
      <Descriptions>
        <Description languagecode="1033" description="When a new RSS feed item appears, post a chat message on Microsoft Teams." />
      </Descriptions>
    </Workflow>
    <Workflow WorkflowId="{1fb20ad0-8269-f011-bec2-6045bd9410a1}" Name="Microsoft Tech Community Infra and Sec Blog" Description="When a new RSS feed item appears, post a chat message on Microsoft Teams.">
      <JsonFileName>/Workflows/MicrosoftTechCommunityInfraandSecBlog-1FB20AD0-8269-F011-BEC2-6045BD9410A1.json</JsonFileName>
      <Type>1</Type>
      <Subprocess>0</Subprocess>
      <Category>5</Category>
      <Mode>0</Mode>
      <Scope>4</Scope>
      <OnDemand>0</OnDemand>
      <TriggerOnCreate>0</TriggerOnCreate>
      <TriggerOnDelete>0</TriggerOnDelete>
      <AsyncAutodelete>0</AsyncAutodelete>
      <SyncWorkflowLogOnFailure>0</SyncWorkflowLogOnFailure>
      <StateCode>1</StateCode>
      <StatusCode>2</StatusCode>
      <RunAs>1</RunAs>
      <IsTransacted>1</IsTransacted>
      <IntroducedVersion>1.0.0.0</IntroducedVersion>
      <IsCustomizable>1</IsCustomizable>
      <BusinessProcessType>0</BusinessProcessType>
      <IsCustomProcessingStepAllowedForOtherPublishers>1</IsCustomProcessingStepAllowedForOtherPublishers>
      <ModernFlowType>0</ModernFlowType>
      <PrimaryEntity>none</PrimaryEntity>
      <LocalizedNames>
        <LocalizedName languagecode="1033" description="Microsoft Tech Community Infra and Sec Blog" />
      </LocalizedNames>
      <Descriptions>
        <Description languagecode="1033" description="When a new RSS feed item appears, post a chat message on Microsoft Teams." />
      </Descriptions>
    </Workflow>
    <Workflow WorkflowId="{20b20ad0-8269-f011-bec2-6045bd9410a1}" Name="Microsoft Tech Community Azure Network Security" Description="When a new RSS feed item appears, post a chat message on Microsoft Teams.">
      <JsonFileName>/Workflows/MicrosoftTechCommunityAzureNetworkSecurity-20B20AD0-8269-F011-BEC2-6045BD9410A1.json</JsonFileName>
      <Type>1</Type>
      <Subprocess>0</Subprocess>
      <Category>5</Category>
      <Mode>0</Mode>
      <Scope>4</Scope>
      <OnDemand>0</OnDemand>
      <TriggerOnCreate>0</TriggerOnCreate>
      <TriggerOnDelete>0</TriggerOnDelete>
      <AsyncAutodelete>0</AsyncAutodelete>
      <SyncWorkflowLogOnFailure>0</SyncWorkflowLogOnFailure>
      <StateCode>1</StateCode>
      <StatusCode>2</StatusCode>
      <RunAs>1</RunAs>
      <IsTransacted>1</IsTransacted>
      <IntroducedVersion>1.0.0.0</IntroducedVersion>
      <IsCustomizable>1</IsCustomizable>
      <BusinessProcessType>0</BusinessProcessType>
      <IsCustomProcessingStepAllowedForOtherPublishers>1</IsCustomProcessingStepAllowedForOtherPublishers>
      <ModernFlowType>0</ModernFlowType>
      <PrimaryEntity>none</PrimaryEntity>
      <LocalizedNames>
        <LocalizedName languagecode="1033" description="Microsoft Tech Community Azure Network Security" />
      </LocalizedNames>
      <Descriptions>
        <Description languagecode="1033" description="When a new RSS feed item appears, post a chat message on Microsoft Teams." />
      </Descriptions>
    </Workflow>
    <Workflow WorkflowId="{21b20ad0-8269-f011-bec2-6045bd9410a1}" Name="Microsoft Tech Community Security Experts Blog" Description="When a new RSS feed item appears, post a chat message on Microsoft Teams.">
      <JsonFileName>/Workflows/MicrosoftTechCommunitySecurityExpertsBlog-21B20AD0-8269-F011-BEC2-6045BD9410A1.json</JsonFileName>
      <Type>1</Type>
      <Subprocess>0</Subprocess>
      <Category>5</Category>
      <Mode>0</Mode>
      <Scope>4</Scope>
      <OnDemand>0</OnDemand>
      <TriggerOnCreate>0</TriggerOnCreate>
      <TriggerOnDelete>0</TriggerOnDelete>
      <AsyncAutodelete>0</AsyncAutodelete>
      <SyncWorkflowLogOnFailure>0</SyncWorkflowLogOnFailure>
      <StateCode>1</StateCode>
      <StatusCode>2</StatusCode>
      <RunAs>1</RunAs>
      <IsTransacted>1</IsTransacted>
      <IntroducedVersion>1.0.0.0</IntroducedVersion>
      <IsCustomizable>1</IsCustomizable>
      <BusinessProcessType>0</BusinessProcessType>
      <IsCustomProcessingStepAllowedForOtherPublishers>1</IsCustomProcessingStepAllowedForOtherPublishers>
      <ModernFlowType>0</ModernFlowType>
      <PrimaryEntity>none</PrimaryEntity>
      <LocalizedNames>
        <LocalizedName languagecode="1033" description="Microsoft Tech Community Security Experts Blog" />
      </LocalizedNames>
      <Descriptions>
        <Description languagecode="1033" description="When a new RSS feed item appears, post a chat message on Microsoft Teams." />
      </Descriptions>
    </Workflow>
    <Workflow WorkflowId="{5ab20ad0-8269-f011-bec2-6045bd9410a1}" Name="Microsoft Threat Intelligence Blog" Description="When a new RSS feed item appears, post a chat message on Microsoft Teams.">
      <JsonFileName>/Workflows/MicrosoftThreatIntelligenceBlog-5AB20AD0-8269-F011-BEC2-6045BD9410A1.json</JsonFileName>
      <Type>1</Type>
      <Subprocess>0</Subprocess>
      <Category>5</Category>
      <Mode>0</Mode>
      <Scope>4</Scope>
      <OnDemand>0</OnDemand>
      <TriggerOnCreate>0</TriggerOnCreate>
      <TriggerOnDelete>0</TriggerOnDelete>
      <AsyncAutodelete>0</AsyncAutodelete>
      <SyncWorkflowLogOnFailure>0</SyncWorkflowLogOnFailure>
      <StateCode>1</StateCode>
      <StatusCode>2</StatusCode>
      <RunAs>1</RunAs>
      <IsTransacted>1</IsTransacted>
      <IntroducedVersion>1.0.0.0</IntroducedVersion>
      <IsCustomizable>1</IsCustomizable>
      <BusinessProcessType>0</BusinessProcessType>
      <IsCustomProcessingStepAllowedForOtherPublishers>1</IsCustomProcessingStepAllowedForOtherPublishers>
      <ModernFlowType>0</ModernFlowType>
      <PrimaryEntity>none</PrimaryEntity>
      <LocalizedNames>
        <LocalizedName languagecode="1033" description="Microsoft Threat Intelligence Blog" />
      </LocalizedNames>
      <Descriptions>
        <Description languagecode="1033" description="When a new RSS feed item appears, post a chat message on Microsoft Teams." />
      </Descriptions>
    </Workflow>
    <Workflow WorkflowId="{5bb20ad0-8269-f011-bec2-6045bd9410a1}" Name="Microsoft Tech Community CFS Blog" Description="When a new RSS feed item appears, post a chat message on Microsoft Teams.">
      <JsonFileName>/Workflows/MicrosoftTechCommunityCFSBlog-5BB20AD0-8269-F011-BEC2-6045BD9410A1.json</JsonFileName>
      <Type>1</Type>
      <Subprocess>0</Subprocess>
      <Category>5</Category>
      <Mode>0</Mode>
      <Scope>4</Scope>
      <OnDemand>0</OnDemand>
      <TriggerOnCreate>0</TriggerOnCreate>
      <TriggerOnDelete>0</TriggerOnDelete>
      <AsyncAutodelete>0</AsyncAutodelete>
      <SyncWorkflowLogOnFailure>0</SyncWorkflowLogOnFailure>
      <StateCode>1</StateCode>
      <StatusCode>2</StatusCode>
      <RunAs>1</RunAs>
      <IsTransacted>1</IsTransacted>
      <IntroducedVersion>1.0.0.0</IntroducedVersion>
      <IsCustomizable>1</IsCustomizable>
      <BusinessProcessType>0</BusinessProcessType>
      <IsCustomProcessingStepAllowedForOtherPublishers>1</IsCustomProcessingStepAllowedForOtherPublishers>
      <ModernFlowType>0</ModernFlowType>
      <PrimaryEntity>none</PrimaryEntity>
      <LocalizedNames>
        <LocalizedName languagecode="1033" description="Microsoft Tech Community CFS Blog" />
      </LocalizedNames>
      <Descriptions>
        <Description languagecode="1033" description="When a new RSS feed item appears, post a chat message on Microsoft Teams." />
      </Descriptions>
    </Workflow>
    <Workflow WorkflowId="{5db20ad0-8269-f011-bec2-6045bd9410a1}" Name="Microsoft Tech Community Defender XDR Blog" Description="When a new RSS feed item appears, post a chat message on Microsoft Teams.">
      <JsonFileName>/Workflows/MicrosoftTechCommunityDefenderXDRBlog-5DB20AD0-8269-F011-BEC2-6045BD9410A1.json</JsonFileName>
      <Type>1</Type>
      <Subprocess>0</Subprocess>
      <Category>5</Category>
      <Mode>0</Mode>
      <Scope>4</Scope>
      <OnDemand>0</OnDemand>
      <TriggerOnCreate>0</TriggerOnCreate>
      <TriggerOnDelete>0</TriggerOnDelete>
      <AsyncAutodelete>0</AsyncAutodelete>
      <SyncWorkflowLogOnFailure>0</SyncWorkflowLogOnFailure>
      <StateCode>1</StateCode>
      <StatusCode>2</StatusCode>
      <RunAs>1</RunAs>
      <IsTransacted>1</IsTransacted>
      <IntroducedVersion>1.0.0.0</IntroducedVersion>
      <IsCustomizable>1</IsCustomizable>
      <BusinessProcessType>0</BusinessProcessType>
      <IsCustomProcessingStepAllowedForOtherPublishers>1</IsCustomProcessingStepAllowedForOtherPublishers>
      <ModernFlowType>0</ModernFlowType>
      <PrimaryEntity>none</PrimaryEntity>
      <LocalizedNames>
        <LocalizedName languagecode="1033" description="Microsoft Tech Community Defender XDR Blog" />
      </LocalizedNames>
      <Descriptions>
        <Description languagecode="1033" description="When a new RSS feed item appears, post a chat message on Microsoft Teams." />
      </Descriptions>
    </Workflow>
    <Workflow WorkflowId="{60b20ad0-8269-f011-bec2-6045bd9410a1}" Name="Microsoft Tech Community Defender for O365 Blog" Description="When a new RSS feed item appears, post a chat message on Microsoft Teams.">
      <JsonFileName>/Workflows/MicrosoftTechCommunityDefenderforO365Blog-60B20AD0-8269-F011-BEC2-6045BD9410A1.json</JsonFileName>
      <Type>1</Type>
      <Subprocess>0</Subprocess>
      <Category>5</Category>
      <Mode>0</Mode>
      <Scope>4</Scope>
      <OnDemand>0</OnDemand>
      <TriggerOnCreate>0</TriggerOnCreate>
      <TriggerOnDelete>0</TriggerOnDelete>
      <AsyncAutodelete>0</AsyncAutodelete>
      <SyncWorkflowLogOnFailure>0</SyncWorkflowLogOnFailure>
      <StateCode>1</StateCode>
      <StatusCode>2</StatusCode>
      <RunAs>1</RunAs>
      <IsTransacted>1</IsTransacted>
      <IntroducedVersion>1.0.0.0</IntroducedVersion>
      <IsCustomizable>1</IsCustomizable>
      <BusinessProcessType>0</BusinessProcessType>
      <IsCustomProcessingStepAllowedForOtherPublishers>1</IsCustomProcessingStepAllowedForOtherPublishers>
      <ModernFlowType>0</ModernFlowType>
      <PrimaryEntity>none</PrimaryEntity>
      <LocalizedNames>
        <LocalizedName languagecode="1033" description="Microsoft Tech Community Defender for O365 Blog" />
      </LocalizedNames>
      <Descriptions>
        <Description languagecode="1033" description="When a new RSS feed item appears, post a chat message on Microsoft Teams." />
      </Descriptions>
    </Workflow>
    <Workflow WorkflowId="{92b20ad0-8269-f011-bec2-6045bd9410a1}" Name="Microsoft Tech Community Intune Blog 2" Description="When a new RSS feed item appears, post a chat message on Microsoft Teams.">
      <JsonFileName>/Workflows/MicrosoftTechCommunityIntuneBlog2-92B20AD0-8269-F011-BEC2-6045BD9410A1.json</JsonFileName>
      <Type>1</Type>
      <Subprocess>0</Subprocess>
      <Category>5</Category>
      <Mode>0</Mode>
      <Scope>4</Scope>
      <OnDemand>0</OnDemand>
      <TriggerOnCreate>0</TriggerOnCreate>
      <TriggerOnDelete>0</TriggerOnDelete>
      <AsyncAutodelete>0</AsyncAutodelete>
      <SyncWorkflowLogOnFailure>0</SyncWorkflowLogOnFailure>
      <StateCode>1</StateCode>
      <StatusCode>2</StatusCode>
      <RunAs>1</RunAs>
      <IsTransacted>1</IsTransacted>
      <IntroducedVersion>1.0.0.0</IntroducedVersion>
      <IsCustomizable>1</IsCustomizable>
      <BusinessProcessType>0</BusinessProcessType>
      <IsCustomProcessingStepAllowedForOtherPublishers>1</IsCustomProcessingStepAllowedForOtherPublishers>
      <ModernFlowType>0</ModernFlowType>
      <PrimaryEntity>none</PrimaryEntity>
      <LocalizedNames>
        <LocalizedName languagecode="1033" description="Microsoft Tech Community Intune Blog 2" />
      </LocalizedNames>
      <Descriptions>
        <Description languagecode="1033" description="When a new RSS feed item appears, post a chat message on Microsoft Teams." />
      </Descriptions>
    </Workflow>
    <Workflow WorkflowId="{98b20ad0-8269-f011-bec2-6045bd9410a1}" Name="Microsoft Tech Community MDE Blog" Description="When a new RSS feed item appears, post a chat message on Microsoft Teams.">
      <JsonFileName>/Workflows/MicrosoftTechCommunityMDEBlog-98B20AD0-8269-F011-BEC2-6045BD9410A1.json</JsonFileName>
      <Type>1</Type>
      <Subprocess>0</Subprocess>
      <Category>5</Category>
      <Mode>0</Mode>
      <Scope>4</Scope>
      <OnDemand>0</OnDemand>
      <TriggerOnCreate>0</TriggerOnCreate>
      <TriggerOnDelete>0</TriggerOnDelete>
      <AsyncAutodelete>0</AsyncAutodelete>
      <SyncWorkflowLogOnFailure>0</SyncWorkflowLogOnFailure>
      <StateCode>1</StateCode>
      <StatusCode>2</StatusCode>
      <RunAs>1</RunAs>
      <IsTransacted>1</IsTransacted>
      <IntroducedVersion>1.0.0.0</IntroducedVersion>
      <IsCustomizable>1</IsCustomizable>
      <BusinessProcessType>0</BusinessProcessType>
      <IsCustomProcessingStepAllowedForOtherPublishers>1</IsCustomProcessingStepAllowedForOtherPublishers>
      <ModernFlowType>0</ModernFlowType>
      <PrimaryEntity>none</PrimaryEntity>
      <LocalizedNames>
        <LocalizedName languagecode="1033" description="Microsoft Tech Community MDE Blog" />
      </LocalizedNames>
      <Descriptions>
        <Description languagecode="1033" description="When a new RSS feed item appears, post a chat message on Microsoft Teams." />
      </Descriptions>
    </Workflow>
    <Workflow WorkflowId="{c2b20ad0-8269-f011-bec2-6045bd9410a1}" Name="Microsoft Tech Community Vulner. mgmt blog" Description="When a new RSS feed item appears, post a chat message on Microsoft Teams.">
      <JsonFileName>/Workflows/MicrosoftTechCommunityVulnermgmtblog-C2B20AD0-8269-F011-BEC2-6045BD9410A1.json</JsonFileName>
      <Type>1</Type>
      <Subprocess>0</Subprocess>
      <Category>5</Category>
      <Mode>0</Mode>
      <Scope>4</Scope>
      <OnDemand>0</OnDemand>
      <TriggerOnCreate>0</TriggerOnCreate>
      <TriggerOnDelete>0</TriggerOnDelete>
      <AsyncAutodelete>0</AsyncAutodelete>
      <SyncWorkflowLogOnFailure>0</SyncWorkflowLogOnFailure>
      <StateCode>1</StateCode>
      <StatusCode>2</StatusCode>
      <RunAs>1</RunAs>
      <IsTransacted>1</IsTransacted>
      <IntroducedVersion>1.0.0.0</IntroducedVersion>
      <IsCustomizable>1</IsCustomizable>
      <BusinessProcessType>0</BusinessProcessType>
      <IsCustomProcessingStepAllowedForOtherPublishers>1</IsCustomProcessingStepAllowedForOtherPublishers>
      <ModernFlowType>0</ModernFlowType>
      <PrimaryEntity>none</PrimaryEntity>
      <LocalizedNames>
        <LocalizedName languagecode="1033" description="Microsoft Tech Community Vulner. mgmt blog" />
      </LocalizedNames>
      <Descriptions>
        <Description languagecode="1033" description="When a new RSS feed item appears, post a chat message on Microsoft Teams." />
      </Descriptions>
    </Workflow>
    <Workflow WorkflowId="{c5b20ad0-8269-f011-bec2-6045bd9410a1}" Name="Microsoft Tech Community Defender for IoT Blog" Description="When a new RSS feed item appears, post a chat message on Microsoft Teams.">
      <JsonFileName>/Workflows/MicrosoftTechCommunityDefenderforIoTBlog-C5B20AD0-8269-F011-BEC2-6045BD9410A1.json</JsonFileName>
      <Type>1</Type>
      <Subprocess>0</Subprocess>
      <Category>5</Category>
      <Mode>0</Mode>
      <Scope>4</Scope>
      <OnDemand>0</OnDemand>
      <TriggerOnCreate>0</TriggerOnCreate>
      <TriggerOnDelete>0</TriggerOnDelete>
      <AsyncAutodelete>0</AsyncAutodelete>
      <SyncWorkflowLogOnFailure>0</SyncWorkflowLogOnFailure>
      <StateCode>1</StateCode>
      <StatusCode>2</StatusCode>
      <RunAs>1</RunAs>
      <IsTransacted>1</IsTransacted>
      <IntroducedVersion>1.0.0.0</IntroducedVersion>
      <IsCustomizable>1</IsCustomizable>
      <BusinessProcessType>0</BusinessProcessType>
      <IsCustomProcessingStepAllowedForOtherPublishers>1</IsCustomProcessingStepAllowedForOtherPublishers>
      <ModernFlowType>0</ModernFlowType>
      <PrimaryEntity>none</PrimaryEntity>
      <LocalizedNames>
        <LocalizedName languagecode="1033" description="Microsoft Tech Community Defender for IoT Blog" />
      </LocalizedNames>
      <Descriptions>
        <Description languagecode="1033" description="When a new RSS feed item appears, post a chat message on Microsoft Teams." />
      </Descriptions>
    </Workflow>
    <Workflow WorkflowId="{3d1aa12e-8369-f011-bec2-6045bd9410a1}" Name="Defender for Office 365 News" Description="When a new RSS feed item appears, post a chat message on Microsoft Teams.">
      <JsonFileName>/Workflows/DefenderforOffice365News-3D1AA12E-8369-F011-BEC2-6045BD9410A1.json</JsonFileName>
      <Type>1</Type>
      <Subprocess>0</Subprocess>
      <Category>5</Category>
      <Mode>0</Mode>
      <Scope>4</Scope>
      <OnDemand>0</OnDemand>
      <TriggerOnCreate>0</TriggerOnCreate>
      <TriggerOnDelete>0</TriggerOnDelete>
      <AsyncAutodelete>0</AsyncAutodelete>
      <SyncWorkflowLogOnFailure>0</SyncWorkflowLogOnFailure>
      <StateCode>1</StateCode>
      <StatusCode>2</StatusCode>
      <RunAs>1</RunAs>
      <IsTransacted>1</IsTransacted>
      <IntroducedVersion>1.0.0.0</IntroducedVersion>
      <IsCustomizable>1</IsCustomizable>
      <BusinessProcessType>0</BusinessProcessType>
      <IsCustomProcessingStepAllowedForOtherPublishers>1</IsCustomProcessingStepAllowedForOtherPublishers>
      <ModernFlowType>0</ModernFlowType>
      <PrimaryEntity>none</PrimaryEntity>
      <LocalizedNames>
        <LocalizedName languagecode="1033" description="Defender for Office 365 News" />
      </LocalizedNames>
      <Descriptions>
        <Description languagecode="1033" description="When a new RSS feed item appears, post a chat message on Microsoft Teams." />
      </Descriptions>
    </Workflow>
    <Workflow WorkflowId="{3e1aa12e-8369-f011-bec2-6045bd9410a1}" Name="Defender for Endpoint News" Description="When a new RSS feed item appears, post a chat message on Microsoft Teams.">
      <JsonFileName>/Workflows/DefenderforEndpointNews-3E1AA12E-8369-F011-BEC2-6045BD9410A1.json</JsonFileName>
      <Type>1</Type>
      <Subprocess>0</Subprocess>
      <Category>5</Category>
      <Mode>0</Mode>
      <Scope>4</Scope>
      <OnDemand>0</OnDemand>
      <TriggerOnCreate>0</TriggerOnCreate>
      <TriggerOnDelete>0</TriggerOnDelete>
      <AsyncAutodelete>0</AsyncAutodelete>
      <SyncWorkflowLogOnFailure>0</SyncWorkflowLogOnFailure>
      <StateCode>1</StateCode>
      <StatusCode>2</StatusCode>
      <RunAs>1</RunAs>
      <IsTransacted>1</IsTransacted>
      <IntroducedVersion>1.0.0.0</IntroducedVersion>
      <IsCustomizable>1</IsCustomizable>
      <BusinessProcessType>0</BusinessProcessType>
      <IsCustomProcessingStepAllowedForOtherPublishers>1</IsCustomProcessingStepAllowedForOtherPublishers>
      <ModernFlowType>0</ModernFlowType>
      <PrimaryEntity>none</PrimaryEntity>
      <LocalizedNames>
        <LocalizedName languagecode="1033" description="Defender for Endpoint News" />
      </LocalizedNames>
      <Descriptions>
        <Description languagecode="1033" description="When a new RSS feed item appears, post a chat message on Microsoft Teams." />
      </Descriptions>
    </Workflow>
    <Workflow WorkflowId="{3f1aa12e-8369-f011-bec2-6045bd9410a1}" Name="Defender for Cloud News" Description="When a new RSS feed item appears, post a chat message on Microsoft Teams.">
      <JsonFileName>/Workflows/DefenderforCloudNews-3F1AA12E-8369-F011-BEC2-6045BD9410A1.json</JsonFileName>
      <Type>1</Type>
      <Subprocess>0</Subprocess>
      <Category>5</Category>
      <Mode>0</Mode>
      <Scope>4</Scope>
      <OnDemand>0</OnDemand>
      <TriggerOnCreate>0</TriggerOnCreate>
      <TriggerOnDelete>0</TriggerOnDelete>
      <AsyncAutodelete>0</AsyncAutodelete>
      <SyncWorkflowLogOnFailure>0</SyncWorkflowLogOnFailure>
      <StateCode>1</StateCode>
      <StatusCode>2</StatusCode>
      <RunAs>1</RunAs>
      <IsTransacted>1</IsTransacted>
      <IntroducedVersion>1.0.0.0</IntroducedVersion>
      <IsCustomizable>1</IsCustomizable>
      <BusinessProcessType>0</BusinessProcessType>
      <IsCustomProcessingStepAllowedForOtherPublishers>1</IsCustomProcessingStepAllowedForOtherPublishers>
      <ModernFlowType>0</ModernFlowType>
      <PrimaryEntity>none</PrimaryEntity>
      <LocalizedNames>
        <LocalizedName languagecode="1033" description="Defender for Cloud News" />
      </LocalizedNames>
      <Descriptions>
        <Description languagecode="1033" description="When a new RSS feed item appears, post a chat message on Microsoft Teams." />
      </Descriptions>
    </Workflow>
    <Workflow WorkflowId="{401aa12e-8369-f011-bec2-6045bd9410a1}" Name="Microsoft Sentinel News" Description="When a new RSS feed item appears, post a chat message on Microsoft Teams.">
      <JsonFileName>/Workflows/MicrosoftSentinelNews-401AA12E-8369-F011-BEC2-6045BD9410A1.json</JsonFileName>
      <Type>1</Type>
      <Subprocess>0</Subprocess>
      <Category>5</Category>
      <Mode>0</Mode>
      <Scope>4</Scope>
      <OnDemand>0</OnDemand>
      <TriggerOnCreate>0</TriggerOnCreate>
      <TriggerOnDelete>0</TriggerOnDelete>
      <AsyncAutodelete>0</AsyncAutodelete>
      <SyncWorkflowLogOnFailure>0</SyncWorkflowLogOnFailure>
      <StateCode>1</StateCode>
      <StatusCode>2</StatusCode>
      <RunAs>1</RunAs>
      <IsTransacted>1</IsTransacted>
      <IntroducedVersion>1.0.0.0</IntroducedVersion>
      <IsCustomizable>1</IsCustomizable>
      <BusinessProcessType>0</BusinessProcessType>
      <IsCustomProcessingStepAllowedForOtherPublishers>1</IsCustomProcessingStepAllowedForOtherPublishers>
      <ModernFlowType>0</ModernFlowType>
      <PrimaryEntity>none</PrimaryEntity>
      <LocalizedNames>
        <LocalizedName languagecode="1033" description="Microsoft Sentinel News" />
      </LocalizedNames>
      <Descriptions>
        <Description languagecode="1033" description="When a new RSS feed item appears, post a chat message on Microsoft Teams." />
      </Descriptions>
    </Workflow>
    <Workflow WorkflowId="{771aa12e-8369-f011-bec2-6045bd9410a1}" Name="Security Copilot News" Description="When a new RSS feed item appears, post a chat message on Microsoft Teams.">
      <JsonFileName>/Workflows/SecurityCopilotNews-771AA12E-8369-F011-BEC2-6045BD9410A1.json</JsonFileName>
      <Type>1</Type>
      <Subprocess>0</Subprocess>
      <Category>5</Category>
      <Mode>0</Mode>
      <Scope>4</Scope>
      <OnDemand>0</OnDemand>
      <TriggerOnCreate>0</TriggerOnCreate>
      <TriggerOnDelete>0</TriggerOnDelete>
      <AsyncAutodelete>0</AsyncAutodelete>
      <SyncWorkflowLogOnFailure>0</SyncWorkflowLogOnFailure>
      <StateCode>1</StateCode>
      <StatusCode>2</StatusCode>
      <RunAs>1</RunAs>
      <IsTransacted>1</IsTransacted>
      <IntroducedVersion>1.0.0.0</IntroducedVersion>
      <IsCustomizable>1</IsCustomizable>
      <BusinessProcessType>0</BusinessProcessType>
      <IsCustomProcessingStepAllowedForOtherPublishers>1</IsCustomProcessingStepAllowedForOtherPublishers>
      <ModernFlowType>0</ModernFlowType>
      <PrimaryEntity>none</PrimaryEntity>
      <LocalizedNames>
        <LocalizedName languagecode="1033" description="Security Copilot News" />
      </LocalizedNames>
      <Descriptions>
        <Description languagecode="1033" description="When a new RSS feed item appears, post a chat message on Microsoft Teams." />
      </Descriptions>
    </Workflow>
    <Workflow WorkflowId="{781aa12e-8369-f011-bec2-6045bd9410a1}" Name="Purview News" Description="When a new RSS feed item appears, post a chat message on Microsoft Teams.">
      <JsonFileName>/Workflows/PurviewNews-781AA12E-8369-F011-BEC2-6045BD9410A1.json</JsonFileName>
      <Type>1</Type>
      <Subprocess>0</Subprocess>
      <Category>5</Category>
      <Mode>0</Mode>
      <Scope>4</Scope>
      <OnDemand>0</OnDemand>
      <TriggerOnCreate>0</TriggerOnCreate>
      <TriggerOnDelete>0</TriggerOnDelete>
      <AsyncAutodelete>0</AsyncAutodelete>
      <SyncWorkflowLogOnFailure>0</SyncWorkflowLogOnFailure>
      <StateCode>1</StateCode>
      <StatusCode>2</StatusCode>
      <RunAs>1</RunAs>
      <IsTransacted>1</IsTransacted>
      <IntroducedVersion>1.0.0.0</IntroducedVersion>
      <IsCustomizable>1</IsCustomizable>
      <BusinessProcessType>0</BusinessProcessType>
      <IsCustomProcessingStepAllowedForOtherPublishers>1</IsCustomProcessingStepAllowedForOtherPublishers>
      <ModernFlowType>0</ModernFlowType>
      <PrimaryEntity>none</PrimaryEntity>
      <LocalizedNames>
        <LocalizedName languagecode="1033" description="Purview News" />
      </LocalizedNames>
      <Descriptions>
        <Description languagecode="1033" description="When a new RSS feed item appears, post a chat message on Microsoft Teams." />
      </Descriptions>
    </Workflow>
    <Workflow WorkflowId="{7f1aa12e-8369-f011-bec2-6045bd9410a1}" Name="Microsoft Entra News" Description="When a new RSS feed item appears, post a chat message on Microsoft Teams.">
      <JsonFileName>/Workflows/MicrosoftEntraNews-7F1AA12E-8369-F011-BEC2-6045BD9410A1.json</JsonFileName>
      <Type>1</Type>
      <Subprocess>0</Subprocess>
      <Category>5</Category>
      <Mode>0</Mode>
      <Scope>4</Scope>
      <OnDemand>0</OnDemand>
      <TriggerOnCreate>0</TriggerOnCreate>
      <TriggerOnDelete>0</TriggerOnDelete>
      <AsyncAutodelete>0</AsyncAutodelete>
      <SyncWorkflowLogOnFailure>0</SyncWorkflowLogOnFailure>
      <StateCode>1</StateCode>
      <StatusCode>2</StatusCode>
      <RunAs>1</RunAs>
      <IsTransacted>1</IsTransacted>
      <IntroducedVersion>1.0.0.0</IntroducedVersion>
      <IsCustomizable>1</IsCustomizable>
      <BusinessProcessType>0</BusinessProcessType>
      <IsCustomProcessingStepAllowedForOtherPublishers>1</IsCustomProcessingStepAllowedForOtherPublishers>
      <ModernFlowType>0</ModernFlowType>
      <PrimaryEntity>none</PrimaryEntity>
      <LocalizedNames>
        <LocalizedName languagecode="1033" description="Microsoft Entra News" />
      </LocalizedNames>
      <Descriptions>
        <Description languagecode="1033" description="When a new RSS feed item appears, post a chat message on Microsoft Teams." />
      </Descriptions>
    </Workflow>
    <Workflow WorkflowId="{8b1aa12e-8369-f011-bec2-6045bd9410a1}" Name="Defender for Identity News" Description="When a new RSS feed item appears, post a chat message on Microsoft Teams.">
      <JsonFileName>/Workflows/DefenderforIdentityNews-8B1AA12E-8369-F011-BEC2-6045BD9410A1.json</JsonFileName>
      <Type>1</Type>
      <Subprocess>0</Subprocess>
      <Category>5</Category>
      <Mode>0</Mode>
      <Scope>4</Scope>
      <OnDemand>0</OnDemand>
      <TriggerOnCreate>0</TriggerOnCreate>
      <TriggerOnDelete>0</TriggerOnDelete>
      <AsyncAutodelete>0</AsyncAutodelete>
      <SyncWorkflowLogOnFailure>0</SyncWorkflowLogOnFailure>
      <StateCode>1</StateCode>
      <StatusCode>2</StatusCode>
      <RunAs>1</RunAs>
      <IsTransacted>1</IsTransacted>
      <IntroducedVersion>1.0.0.0</IntroducedVersion>
      <IsCustomizable>1</IsCustomizable>
      <BusinessProcessType>0</BusinessProcessType>
      <IsCustomProcessingStepAllowedForOtherPublishers>1</IsCustomProcessingStepAllowedForOtherPublishers>
      <ModernFlowType>0</ModernFlowType>
      <PrimaryEntity>none</PrimaryEntity>
      <LocalizedNames>
        <LocalizedName languagecode="1033" description="Defender for Identity News" />
      </LocalizedNames>
      <Descriptions>
        <Description languagecode="1033" description="When a new RSS feed item appears, post a chat message on Microsoft Teams." />
      </Descriptions>
    </Workflow>
    <Workflow WorkflowId="{b01aa12e-8369-f011-bec2-6045bd9410a1}" Name="Security Copilot Blog" Description="When a new RSS feed item appears, post a chat message on Microsoft Teams.">
      <JsonFileName>/Workflows/SecurityCopilotBlog-B01AA12E-8369-F011-BEC2-6045BD9410A1.json</JsonFileName>
      <Type>1</Type>
      <Subprocess>0</Subprocess>
      <Category>5</Category>
      <Mode>0</Mode>
      <Scope>4</Scope>
      <OnDemand>0</OnDemand>
      <TriggerOnCreate>0</TriggerOnCreate>
      <TriggerOnDelete>0</TriggerOnDelete>
      <AsyncAutodelete>0</AsyncAutodelete>
      <SyncWorkflowLogOnFailure>0</SyncWorkflowLogOnFailure>
      <StateCode>1</StateCode>
      <StatusCode>2</StatusCode>
      <RunAs>1</RunAs>
      <IsTransacted>1</IsTransacted>
      <IntroducedVersion>1.0.0.0</IntroducedVersion>
      <IsCustomizable>1</IsCustomizable>
      <BusinessProcessType>0</BusinessProcessType>
      <IsCustomProcessingStepAllowedForOtherPublishers>1</IsCustomProcessingStepAllowedForOtherPublishers>
      <ModernFlowType>0</ModernFlowType>
      <PrimaryEntity>none</PrimaryEntity>
      <LocalizedNames>
        <LocalizedName languagecode="1033" description="Security Copilot Blog" />
      </LocalizedNames>
      <Descriptions>
        <Description languagecode="1033" description="When a new RSS feed item appears, post a chat message on Microsoft Teams." />
      </Descriptions>
    </Workflow>
    <Workflow WorkflowId="{b71aa12e-8369-f011-bec2-6045bd9410a1}" Name="Defender for Cloud Apps News" Description="When a new RSS feed item appears, post a chat message on Microsoft Teams.">
      <JsonFileName>/Workflows/DefenderforCloudAppsNews-B71AA12E-8369-F011-BEC2-6045BD9410A1.json</JsonFileName>
      <Type>1</Type>
      <Subprocess>0</Subprocess>
      <Category>5</Category>
      <Mode>0</Mode>
      <Scope>4</Scope>
      <OnDemand>0</OnDemand>
      <TriggerOnCreate>0</TriggerOnCreate>
      <TriggerOnDelete>0</TriggerOnDelete>
      <AsyncAutodelete>0</AsyncAutodelete>
      <SyncWorkflowLogOnFailure>0</SyncWorkflowLogOnFailure>
      <StateCode>1</StateCode>
      <StatusCode>2</StatusCode>
      <RunAs>1</RunAs>
      <IsTransacted>1</IsTransacted>
      <IntroducedVersion>1.0.0.0</IntroducedVersion>
      <IsCustomizable>1</IsCustomizable>
      <BusinessProcessType>0</BusinessProcessType>
      <IsCustomProcessingStepAllowedForOtherPublishers>1</IsCustomProcessingStepAllowedForOtherPublishers>
      <ModernFlowType>0</ModernFlowType>
      <PrimaryEntity>none</PrimaryEntity>
      <LocalizedNames>
        <LocalizedName languagecode="1033" description="Defender for Cloud Apps News" />
      </LocalizedNames>
      <Descriptions>
        <Description languagecode="1033" description="When a new RSS feed item appears, post a chat message on Microsoft Teams." />
      </Descriptions>
    </Workflow>
    <Workflow WorkflowId="{e81aa12e-8369-f011-bec2-6045bd9410a1}" Name="Microsoft Security Youtube channel" Description="When a new RSS feed item appears, post a chat message on Microsoft Teams.">
      <JsonFileName>/Workflows/MicrosoftSecurityYoutubechannel-E81AA12E-8369-F011-BEC2-6045BD9410A1.json</JsonFileName>
      <Type>1</Type>
      <Subprocess>0</Subprocess>
      <Category>5</Category>
      <Mode>0</Mode>
      <Scope>4</Scope>
      <OnDemand>0</OnDemand>
      <TriggerOnCreate>0</TriggerOnCreate>
      <TriggerOnDelete>0</TriggerOnDelete>
      <AsyncAutodelete>0</AsyncAutodelete>
      <SyncWorkflowLogOnFailure>0</SyncWorkflowLogOnFailure>
      <StateCode>1</StateCode>
      <StatusCode>2</StatusCode>
      <RunAs>1</RunAs>
      <IsTransacted>1</IsTransacted>
      <IntroducedVersion>1.0.0.0</IntroducedVersion>
      <IsCustomizable>1</IsCustomizable>
      <BusinessProcessType>0</BusinessProcessType>
      <IsCustomProcessingStepAllowedForOtherPublishers>1</IsCustomProcessingStepAllowedForOtherPublishers>
      <ModernFlowType>0</ModernFlowType>
      <PrimaryEntity>none</PrimaryEntity>
      <LocalizedNames>
        <LocalizedName languagecode="1033" description="Microsoft Security Youtube channel" />
      </LocalizedNames>
      <Descriptions>
        <Description languagecode="1033" description="When a new RSS feed item appears, post a chat message on Microsoft Teams." />
      </Descriptions>
    </Workflow>
    <Workflow WorkflowId="{ec1aa12e-8369-f011-bec2-6045bd9410a1}" Name="MS Security Twitter" Description="When a new RSS feed item appears, post a chat message on Microsoft Teams.">
      <JsonFileName>/Workflows/MSSecurityTwitter-EC1AA12E-8369-F011-BEC2-6045BD9410A1.json</JsonFileName>
      <Type>1</Type>
      <Subprocess>0</Subprocess>
      <Category>5</Category>
      <Mode>0</Mode>
      <Scope>4</Scope>
      <OnDemand>0</OnDemand>
      <TriggerOnCreate>0</TriggerOnCreate>
      <TriggerOnDelete>0</TriggerOnDelete>
      <AsyncAutodelete>0</AsyncAutodelete>
      <SyncWorkflowLogOnFailure>0</SyncWorkflowLogOnFailure>
      <StateCode>1</StateCode>
      <StatusCode>2</StatusCode>
      <RunAs>1</RunAs>
      <IsTransacted>1</IsTransacted>
      <IntroducedVersion>1.0.0.0</IntroducedVersion>
      <IsCustomizable>1</IsCustomizable>
      <BusinessProcessType>0</BusinessProcessType>
      <IsCustomProcessingStepAllowedForOtherPublishers>1</IsCustomProcessingStepAllowedForOtherPublishers>
      <ModernFlowType>0</ModernFlowType>
      <PrimaryEntity>none</PrimaryEntity>
      <LocalizedNames>
        <LocalizedName languagecode="1033" description="MS Security Twitter" />
      </LocalizedNames>
      <Descriptions>
        <Description languagecode="1033" description="When a new RSS feed item appears, post a chat message on Microsoft Teams." />
      </Descriptions>
    </Workflow>
    <Workflow WorkflowId="{f11aa12e-8369-f011-bec2-6045bd9410a1}" Name="Microsoft Roadmap News" Description="When a new RSS feed item appears, post a chat message on Microsoft Teams.">
      <JsonFileName>/Workflows/MicrosoftRoadmapNews-F11AA12E-8369-F011-BEC2-6045BD9410A1.json</JsonFileName>
      <Type>1</Type>
      <Subprocess>0</Subprocess>
      <Category>5</Category>
      <Mode>0</Mode>
      <Scope>4</Scope>
      <OnDemand>0</OnDemand>
      <TriggerOnCreate>0</TriggerOnCreate>
      <TriggerOnDelete>0</TriggerOnDelete>
      <AsyncAutodelete>0</AsyncAutodelete>
      <SyncWorkflowLogOnFailure>0</SyncWorkflowLogOnFailure>
      <StateCode>1</StateCode>
      <StatusCode>2</StatusCode>
      <RunAs>1</RunAs>
      <IsTransacted>1</IsTransacted>
      <IntroducedVersion>1.0.0.0</IntroducedVersion>
      <IsCustomizable>1</IsCustomizable>
      <BusinessProcessType>0</BusinessProcessType>
      <IsCustomProcessingStepAllowedForOtherPublishers>1</IsCustomProcessingStepAllowedForOtherPublishers>
      <ModernFlowType>0</ModernFlowType>
      <PrimaryEntity>none</PrimaryEntity>
      <LocalizedNames>
        <LocalizedName languagecode="1033" description="Microsoft Roadmap News" />
      </LocalizedNames>
      <Descriptions>
        <Description languagecode="1033" description="When a new RSS feed item appears, post a chat message on Microsoft Teams." />
      </Descriptions>
    </Workflow>
    <Workflow WorkflowId="{f91aa12e-8369-f011-bec2-6045bd9410a1}" Name="Azure Roadmap Security" Description="When a new RSS feed item appears, post a chat message on Microsoft Teams.">
      <JsonFileName>/Workflows/AzureRoadmapSecurity-F91AA12E-8369-F011-BEC2-6045BD9410A1.json</JsonFileName>
      <Type>1</Type>
      <Subprocess>0</Subprocess>
      <Category>5</Category>
      <Mode>0</Mode>
      <Scope>4</Scope>
      <OnDemand>0</OnDemand>
      <TriggerOnCreate>0</TriggerOnCreate>
      <TriggerOnDelete>0</TriggerOnDelete>
      <AsyncAutodelete>0</AsyncAutodelete>
      <SyncWorkflowLogOnFailure>0</SyncWorkflowLogOnFailure>
      <StateCode>1</StateCode>
      <StatusCode>2</StatusCode>
      <RunAs>1</RunAs>
      <IsTransacted>1</IsTransacted>
      <IntroducedVersion>1.0.0.0</IntroducedVersion>
      <IsCustomizable>1</IsCustomizable>
      <BusinessProcessType>0</BusinessProcessType>
      <IsCustomProcessingStepAllowedForOtherPublishers>1</IsCustomProcessingStepAllowedForOtherPublishers>
      <ModernFlowType>0</ModernFlowType>
      <PrimaryEntity>none</PrimaryEntity>
      <LocalizedNames>
        <LocalizedName languagecode="1033" description="Azure Roadmap Security" />
      </LocalizedNames>
      <Descriptions>
        <Description languagecode="1033" description="When a new RSS feed item appears, post a chat message on Microsoft Teams." />
      </Descriptions>
    </Workflow>
  </Workflows>
  <FieldSecurityProfiles></FieldSecurityProfiles>
  <Templates />
  <EntityMaps />
  <EntityRelationships />
  <OrganizationSettings />
  <optionsets />
  <CustomControls />
  <EntityDataProviders />
  <connectionreferences>
    <connectionreference connectionreferencelogicalname="vladjoh_sharedrss_32d94">
      <connectionreferencedisplayname>RSS MicrosoftSecurityNews-32d94</connectionreferencedisplayname>
      <connectorid>/providers/Microsoft.PowerApps/apis/shared_rss</connectorid>
      <iscustomizable>1</iscustomizable>
      <promptingbehavior>0</promptingbehavior>
      <statecode>0</statecode>
      <statuscode>1</statuscode>
    </connectionreference>
    <connectionreference connectionreferencelogicalname="vladjoh_sharedteams_b50e6">
      <connectionreferencedisplayname>Microsoft Teams MicrosoftSecurityNews-b50e6</connectionreferencedisplayname>
      <connectorid>/providers/Microsoft.PowerApps/apis/shared_teams</connectorid>
      <iscustomizable>1</iscustomizable>
      <promptingbehavior>0</promptingbehavior>
      <statecode>0</statecode>
      <statuscode>1</statuscode>
    </connectionreference>
  </connectionreferences>
  <Languages>
    <Language>1033</Language>
  </Languages>
</ImportExportXml>