<ImportExportXml version="9.2.25065.172" SolutionPackageVersion="9.2" languagecode="1033" generatedBy="CrmLive" xmlns:xsi="http://www.w3.org/2001/XMLSchema-instance" OrganizationVersion="9.2.25065.172" OrganizationSchemaType="Standard" CRMServerServiceabilityVersion="9.2.25065.00172">
  <SolutionManifest>
    <UniqueName>MicrosoftSecurityNews</UniqueName>
    <LocalizedNames>
      <LocalizedName description="Microsoft Security News" languagecode="1033" />
    </LocalizedNames>
    <Descriptions />
    <Version>1.0.0.1</Version>
    <Managed>0</Managed>
    <Publisher>
      <UniqueName>Vladjoh</UniqueName>
      <LocalizedNames>
        <LocalizedName description="Vlad Johansen" languagecode="1033" />
      </LocalizedNames>
      <Descriptions>
        <Description description="Vlad Johansen" languagecode="1033" />
      </Descriptions>
      <EMailAddress xsi:nil="true"></EMailAddress>
      <SupportingWebsiteUrl xsi:nil="true"></SupportingWebsiteUrl>
      <CustomizationPrefix>vladjoh</CustomizationPrefix>
      <CustomizationOptionValuePrefix>69002</CustomizationOptionValuePrefix>
      <Addresses>
        <Address>
          <AddressNumber>1</AddressNumber>
          <AddressTypeCode>1</AddressTypeCode>
          <City xsi:nil="true"></City>
          <County xsi:nil="true"></County>
          <Country xsi:nil="true"></Country>
          <Fax xsi:nil="true"></Fax>
          <FreightTermsCode xsi:nil="true"></FreightTermsCode>
          <ImportSequenceNumber xsi:nil="true"></ImportSequenceNumber>
          <Latitude xsi:nil="true"></Latitude>
          <Line1 xsi:nil="true"></Line1>
          <Line2 xsi:nil="true"></Line2>
          <Line3 xsi:nil="true"></Line3>
          <Longitude xsi:nil="true"></Longitude>
          <Name xsi:nil="true"></Name>
          <PostalCode xsi:nil="true"></PostalCode>
          <PostOfficeBox xsi:nil="true"></PostOfficeBox>
          <PrimaryContactName xsi:nil="true"></PrimaryContactName>
          <ShippingMethodCode>1</ShippingMethodCode>
          <StateOrProvince xsi:nil="true"></StateOrProvince>
          <Telephone1 xsi:nil="true"></Telephone1>
          <Telephone2 xsi:nil="true"></Telephone2>
          <Telephone3 xsi:nil="true"></Telephone3>
          <TimeZoneRuleVersionNumber xsi:nil="true"></TimeZoneRuleVersionNumber>
          <UPSZone xsi:nil="true"></UPSZone>
          <UTCOffset xsi:nil="true"></UTCOffset>
          <UTCConversionTimeZoneCode xsi:nil="true"></UTCConversionTimeZoneCode>
        </Address>
        <Address>
          <AddressNumber>2</AddressNumber>
          <AddressTypeCode>1</AddressTypeCode>
          <City xsi:nil="true"></City>
          <County xsi:nil="true"></County>
          <Country xsi:nil="true"></Country>
          <Fax xsi:nil="true"></Fax>
          <FreightTermsCode xsi:nil="true"></FreightTermsCode>
          <ImportSequenceNumber xsi:nil="true"></ImportSequenceNumber>
          <Latitude xsi:nil="true"></Latitude>
          <Line1 xsi:nil="true"></Line1>
          <Line2 xsi:nil="true"></Line2>
          <Line3 xsi:nil="true"></Line3>
          <Longitude xsi:nil="true"></Longitude>
          <Name xsi:nil="true"></Name>
          <PostalCode xsi:nil="true"></PostalCode>
          <PostOfficeBox xsi:nil="true"></PostOfficeBox>
          <PrimaryContactName xsi:nil="true"></PrimaryContactName>
          <ShippingMethodCode>1</ShippingMethodCode>
          <StateOrProvince xsi:nil="true"></StateOrProvince>
          <Telephone1 xsi:nil="true"></Telephone1>
          <Telephone2 xsi:nil="true"></Telephone2>
          <Telephone3 xsi:nil="true"></Telephone3>
          <TimeZoneRuleVersionNumber xsi:nil="true"></TimeZoneRuleVersionNumber>
          <UPSZone xsi:nil="true"></UPSZone>
          <UTCOffset xsi:nil="true"></UTCOffset>
          <UTCConversionTimeZoneCode xsi:nil="true"></UTCConversionTimeZoneCode>
        </Address>
      </Addresses>
    </Publisher>
    <RootComponents>
      <RootComponent type="29" id="{1eb20ad0-8269-f011-bec2-6045bd9410a1}" behavior="0" />
      <RootComponent type="29" id="{1fb20ad0-8269-f011-bec2-6045bd9410a1}" behavior="0" />
      <RootComponent type="29" id="{20b20ad0-8269-f011-bec2-6045bd9410a1}" behavior="0" />
      <RootComponent type="29" id="{21b20ad0-8269-f011-bec2-6045bd9410a1}" behavior="0" />
      <RootComponent type="29" id="{228556ac-8269-f011-bec2-6045bd9410a1}" behavior="0" />
      <RootComponent type="29" id="{238556ac-8269-f011-bec2-6045bd9410a1}" behavior="0" />
      <RootComponent type="29" id="{3d1aa12e-8369-f011-bec2-6045bd9410a1}" behavior="0" />
      <RootComponent type="29" id="{3e1aa12e-8369-f011-bec2-6045bd9410a1}" behavior="0" />
      <RootComponent type="29" id="{3f1aa12e-8369-f011-bec2-6045bd9410a1}" behavior="0" />
      <RootComponent type="29" id="{401aa12e-8369-f011-bec2-6045bd9410a1}" behavior="0" />
      <RootComponent type="29" id="{5ab20ad0-8269-f011-bec2-6045bd9410a1}" behavior="0" />
      <RootComponent type="29" id="{5bb20ad0-8269-f011-bec2-6045bd9410a1}" behavior="0" />
      <RootComponent type="29" id="{5db20ad0-8269-f011-bec2-6045bd9410a1}" behavior="0" />
      <RootComponent type="29" id="{60b20ad0-8269-f011-bec2-6045bd9410a1}" behavior="0" />
      <RootComponent type="29" id="{771aa12e-8369-f011-bec2-6045bd9410a1}" behavior="0" />
      <RootComponent type="29" id="{781aa12e-8369-f011-bec2-6045bd9410a1}" behavior="0" />
      <RootComponent type="29" id="{7f1aa12e-8369-f011-bec2-6045bd9410a1}" behavior="0" />
      <RootComponent type="29" id="{8b1aa12e-8369-f011-bec2-6045bd9410a1}" behavior="0" />
      <RootComponent type="29" id="{92b20ad0-8269-f011-bec2-6045bd9410a1}" behavior="0" />
      <RootComponent type="29" id="{98b20ad0-8269-f011-bec2-6045bd9410a1}" behavior="0" />
      <RootComponent type="29" id="{b01aa12e-8369-f011-bec2-6045bd9410a1}" behavior="0" />
      <RootComponent type="29" id="{b71aa12e-8369-f011-bec2-6045bd9410a1}" behavior="0" />
      <RootComponent type="29" id="{c2b20ad0-8269-f011-bec2-6045bd9410a1}" behavior="0" />
      <RootComponent type="29" id="{c5b20ad0-8269-f011-bec2-6045bd9410a1}" behavior="0" />
      <RootComponent type="29" id="{e68456ac-8269-f011-bec2-6045bd9410a1}" behavior="0" />
      <RootComponent type="29" id="{e78456ac-8269-f011-bec2-6045bd9410a1}" behavior="0" />
      <RootComponent type="29" id="{e81aa12e-8369-f011-bec2-6045bd9410a1}" behavior="0" />
      <RootComponent type="29" id="{e88456ac-8269-f011-bec2-6045bd9410a1}" behavior="0" />
      <RootComponent type="29" id="{e98456ac-8269-f011-bec2-6045bd9410a1}" behavior="0" />
      <RootComponent type="29" id="{ec1aa12e-8369-f011-bec2-6045bd9410a1}" behavior="0" />
      <RootComponent type="29" id="{f11aa12e-8369-f011-bec2-6045bd9410a1}" behavior="0" />
      <RootComponent type="29" id="{f91aa12e-8369-f011-bec2-6045bd9410a1}" behavior="0" />
    </RootComponents>
    <MissingDependencies />
  </SolutionManifest>
</ImportExportXml>